<application>
  <component name="DokiDokiThemeConfig">
    <option name="customFontSize" value="14" />
    <option name="dokiBackground" value="true" />
    <option name="firstTime" value="false" />
    <option name="globalFontSize" value="true" />
    <option name="materialDirectories" value="true" />
    <option name="materialFiles" value="true" />
    <option name="materialPSIIcons" value="true" />
    <option name="userId" value="df5f344d-b9f0-4227-96f2-e1534b8b6fe1" />
    <option name="version" value="14.3.0" />
  </component>
</application>